component_id,lot_id,iddq_ua_0h,iddq_ua_24h,iddq_ua_96h,iddq_ua_168h,leakage_na_0h,leakage_na_24h,leakage_na_96h,leakage_na_168h,propdelay_ns_0h,propdelay_ns_24h,propdelay_ns_96h,propdelay_ns_168h,ground_truth
COMP_00000,LOT_00,12.580952201715077,12.75398044489878,13.181705982401258,13.67864959004006,564.891921682964,560.5449788242985,572.6305133636598,590.2964458355809,3.286515767604272,3.3188145114999434,3.3486603776244017,3.3570488548491744,Normal
COMP_00001,LOT_00,13.887078895968106,13.640178610978731,13.585030220253058,14.025482636391631,539.2006775220777,536.0302010559436,544.0793005367454,561.3743833627312,3.382894138772778,3.374456417124242,3.341444698256449,3.42974737709974,Normal
COMP_00002,LOT_00,13.805831444515505,13.885883872026971,14.0925639435172,14.35154216189739,513.1325591881302,500.5683146439579,514.4916724021609,512.516666119189,3.1934237381012247,3.206887346938384,3.267133893307701,3.287463432992938,Normal
COMP_00003,LOT_00,13.314193210733777,12.98741722201766,13.240447328950523,12.974882943148918,559.0548183655494,558.0033870568276,563.9772645515362,567.8032701720377,3.2449014075579963,3.2908554125994005,3.3460241679219624,3.4316738334667765,Normal
COMP_00004,LOT_00,12.60472010319538,13.15284946110306,12.993703323950928,12.561317602183978,517.4578409665322,536.0428454484654,553.5196851102913,530.257924086332,3.2247820130618585,3.247267392366457,3.318688737837867,3.332140744456962,Normal
COMP_00005,LOT_00,13.662551423253266,13.679122909749916,13.658802848894492,13.16704934555884,524.5380441723178,534.6399577222429,534.3144042630781,526.6566503089095,3.3919293530912675,3.420158848928275,3.436288310522396,3.45021495935379,Normal
COMP_00006,LOT_00,13.465843450539587,13.42891579765702,13.465349846296206,13.20652247166956,569.9382050992798,564.0923419849213,533.028876865506,579.9542939657034,3.353391293337608,3.3267571974140404,3.3978297578887493,3.4265778847986965,Normal
COMP_00007,LOT_00,13.91030145309975,13.768728969364654,13.20028025033265,13.763813512217832,542.4786796390158,530.8378047365622,548.593463937328,574.6832599986855,3.271089890196072,3.306789986666107,3.3477253969462115,3.389520745415783,Normal
COMP_00008,LOT_00,13.673693834929692,13.736560091280737,14.061253889993983,14.182523220392346,516.0332298832474,525.9444845567554,537.8464462008092,542.1328041662007,3.341986879871488,3.3904285984003266,3.3874483237104447,3.447430899622677,Normal
COMP_00009,LOT_00,12.690878556975562,13.431988542186795,13.29821207691422,13.496758808414995,558.2593646338654,557.7935622304464,562.6391673936239,575.4901952467643,3.3886305939217314,3.4005401263286608,3.4774836716634008,3.518563598725108,Normal
COMP_00010,LOT_00,13.52501735634135,13.397599554647918,13.34441024758921,13.57072495169336,525.4561946788932,539.1426240880868,548.2825499834795,574.593787704783,3.359522895345237,3.3054683021728017,3.408795512512919,3.380833825340051,Normal
COMP_00011,LOT_00,12.85844469205364,26.56078662343631,12.96400550095794,13.602351651242913,539.3115778811252,562.2881864516556,558.1210121402905,545.1848638257981,3.42755968382753,3.464390266100401,3.4207248975757585,3.456530547815753,Sensor_Glitch
COMP_00012,LOT_00,12.544581713735132,12.457146452028296,13.26450348067129,13.16088306746019,551.5508111741974,566.5843508934889,540.3310991706478,551.2033961155126,3.329035328629369,3.297188755354408,3.33757030223008,3.3718707808021344,Normal
COMP_00013,LOT_00,14.07261112490594,78.1951979329264,99.56079749697246,103.077864757844,537.4869813891765,537.4140943844695,547.7946763908268,564.8830225928311,3.2830172654141707,3.350653378486701,3.349356078038687,3.4200673902764183,Dynamic_Outlier
COMP_00014,LOT_00,13.281103092051325,13.238472477003366,13.292610503071316,13.332920669705558,512.4943773255713,538.353612412813,85.91690095801192,563.7707557156314,3.287827691081836,3.3221447105196424,3.3429353871381515,3.3269319323546265,Sensor_Glitch
COMP_00015,LOT_00,13.506464575317937,13.082998520235783,13.30418095074988,12.771409066634728,535.8004646774727,557.1769758305805,565.4779649816257,542.5757582167029,3.30075766158316,3.325718999870656,3.3627415269561656,3.3717199718494504,Normal
COMP_00016,LOT_00,13.258452428026812,12.769450234052789,13.198881198364022,13.365569321938196,526.3000044618499,555.3370482384776,540.3758564027395,584.5260784339246,3.265917911568249,3.232407202248413,3.329055975016166,3.318215036930096,Normal
COMP_00017,LOT_00,12.85046510946722,11.870450739134318,12.719536679611643,13.18111369815947,520.837496560877,513.8700226061198,530.5342336564709,513.255789259512,3.2752853607603565,3.246520003180587,3.258026354933521,3.308438421665153,Normal
COMP_00018,LOT_00,14.230561995885717,14.220519461497288,13.782908501133218,13.462070763314983,516.58122037452,564.6671507139547,538.0424241691145,536.3533298460036,3.27380216440964,10.641525039996433,15.702165599219615,19.005688237098845,Timing_Outlier
COMP_00019,LOT_00,12.61279424793462,13.359670975734428,13.109153345304904,13.484995923644089,497.51165945457313,504.4838368451823,545.6002265327913,533.0540076559487,3.332705260133134,3.354694233871903,3.368231691077052,3.400879207641672,Normal
COMP_00020,LOT_00,13.039709530922174,13.78043775317647,13.547132396220023,13.628484917535392,554.1446021782082,1856.7416852747629,2677.694823596414,5567.682477836049,3.272285746449981,3.3243714019675084,3.3346326616377606,3.383516168646263,Leakage_Only_Outlier
COMP_00021,LOT_00,13.233026694059271,13.093349927585232,13.6913901903358,13.476733314303967,534.8055255425162,548.753228323274,530.4212993715065,549.8994226115634,3.2891290568925564,3.346265073711135,3.3630104068744555,3.350651897721848,Normal
COMP_00022,LOT_00,12.396298957628431,12.869334476168294,13.293088059438844,12.740627525683385,625.303808907992,653.609046672284,643.7919097075328,651.5919808411575,3.387733702077698,3.4109184373827315,3.426679582152076,3.530248757554072,Leakage_Only_Outlier
COMP_00023,LOT_00,13.812951681679946,13.838473931047108,14.389197437723585,14.098330029792418,523.6976317950995,531.7535523472828,568.0192562910865,570.0042211224165,3.303832905683205,3.311272868485245,3.3509449883776123,3.31668683546394,Normal
COMP_00024,LOT_00,13.471310271517924,13.433110830584496,13.422509341802826,13.94033577512123,543.4980757116543,548.4145803325612,567.5559385330537,535.0894860712431,3.193912497296544,3.1931061388972592,3.3025952699972483,3.336084906322067,Normal
COMP_00025,LOT_00,14.513149423566004,13.90793428981772,13.805151493205775,13.977838381564782,538.1689091274602,549.8180449030174,533.8366064487406,547.7950790830753,3.3449714577069063,3.4260095337025813,3.4280846216550214,3.4452660101480284,Normal
COMP_00026,LOT_00,13.561841220551418,12.822523112612693,13.749364205730936,13.674207885613429,539.5899425267253,554.1608827990149,546.4970955227703,570.537377723011,3.2722309567673937,3.31761761317026,3.3639257257448705,3.341638814265061,Normal
COMP_00027,LOT_00,13.212263975186373,86.42303296601835,97.2661798739836,110.31037921502796,561.2580829083115,556.6583045305683,557.7872591134411,573.4528404304688,3.3095013367849035,3.3189777535772187,3.385345053284158,3.4126305851554752,Dynamic_Outlier
COMP_00028,LOT_00,13.13190230979978,12.677391967721867,13.471790355929434,12.751739849378856,542.5497853657022,568.3520205766728,587.4362116016308,560.3008149855034,3.299217254511052,3.327865399555033,3.4344180199516474,3.4241371921306203,Normal
COMP_00029,LOT_00,12.987226424828544,13.3880297540313,14.44114444093555,13.991780336663794,537.6016532477129,553.3499840408246,549.6988508430536,548.9911467819408,3.324001727515087,3.303389254156843,3.395653379542092,3.347925493562807,Normal
COMP_00030,LOT_00,13.24686049626694,13.192210801701751,13.026697486522972,13.425523385932802,484.21656749645246,509.7737629175139,498.7447334663893,534.0575108843459,3.3939897377884227,3.39078737619608,3.4436806798238773,3.482214065712816,Normal
COMP_00031,LOT_00,13.441274445322328,13.172652749158337,13.643915467519864,13.687038734876454,551.8259849842979,546.6013962347331,530.4374913571676,553.751427473908,3.342261587864454,3.296277957035899,3.391011165695426,3.407276357298012,Normal
COMP_00032,LOT_00,12.844189896302709,13.150797644483388,13.134649522131523,14.001451703184246,572.44894238724,579.3132940486353,578.1385560113114,582.5159821603667,3.310840894110456,3.351943973584547,3.3648213043384394,3.3971704124654227,Normal
COMP_00033,LOT_00,13.04993483864626,13.516709134513505,13.825981743547258,13.936129909967503,531.2525188835177,545.3493906134828,567.69780893105,549.452051577298,3.362435002414368,3.377879265620605,3.441185633065201,3.460880030403785,Normal
COMP_00034,LOT_00,12.416080445609117,12.739651033797257,12.47760702635686,12.708879926098682,533.9447884266518,527.0745777527434,520.8298403606702,530.0985737509682,3.2547239802280736,3.2792950818354654,3.294117078504766,3.3160363290402377,Normal
COMP_00035,LOT_00,12.910530885436971,13.160108440539831,13.63240790140283,13.050451915165349,511.2213954366626,537.5146888292039,558.3183576939875,519.1247357578757,3.3411301345286875,3.331488084855992,3.362220863547984,3.456416963675508,Normal
COMP_00036,LOT_00,15.321356482271897,15.102277091099904,15.21504759910628,15.106872111693407,625.2171428165013,624.5924300908857,625.6391435051634,637.7746393832965,3.2702197065472545,3.282248813106541,3.3009685711471515,3.311554316989477,Dynamic_Outlier
COMP_00037,LOT_00,13.32769255205641,12.706984167017772,13.421511775370067,13.247151148451954,523.9288053915532,545.3086719360099,567.9518206378425,565.9974574340373,3.252581397297536,3.316709602780377,3.3490978941194043,3.452001271994464,Normal
COMP_00038,LOT_00,13.321611192503626,13.292883567255496,13.755616701109284,13.184207897608736,491.0527989836192,526.9191994590308,533.6750007631537,520.682155461376,3.303043913783105,3.314232984936678,3.386208434967027,3.463267422640899,Normal
COMP_00039,LOT_00,13.418858677722593,13.845799974091005,13.526207932085082,13.601075495478517,529.836587427996,547.0748646854803,536.7517722262934,545.5002109435056,3.3423603676047304,8.339559762453996,14.486788441455792,24.43559923008989,Timing_Outlier
COMP_00040,LOT_00,13.09869377656356,13.410715431161451,13.014771592439022,14.237714940166086,556.2561355724918,530.3162639298178,554.7498555615099,563.8347114373925,3.319873926320317,3.332818933375266,3.373095999655168,3.393848714790562,Normal
COMP_00041,LOT_00,13.46382387777848,13.743315120820556,13.844179844888284,14.196342000242298,542.2650564774792,537.4566865647861,544.2204459087886,539.3714835353851,3.305478380101408,3.324288664290689,3.349534787562923,3.372971048869702,Normal
COMP_00042,LOT_00,13.06932934453707,13.404848182704956,13.255260126581128,13.611326260518869,539.0126001121934,534.0699268723224,549.3261767891971,551.1401585405732,3.397174247399292,3.360451436341267,3.420403932733567,3.454348726828528,Normal
COMP_00043,LOT_00,12.68751052540741,12.951276839895677,12.94714951773837,13.527092637660337,546.2451846320229,547.4149137056997,539.0493092053406,568.35182493723,3.326979714225329,3.3140895927097858,3.312652841040716,3.31679761862196,Normal
COMP_00044,LOT_00,13.946644099050284,13.824464378806566,13.27381310281641,14.689706315651772,512.5920636116091,536.7595763945402,555.5300728068164,548.3610487213443,3.2696329029100486,3.3155631978271547,3.303910295625013,3.3331450637121782,Normal
COMP_00045,LOT_00,13.16179691861472,68.04620999695422,108.27651060711368,109.34722379519653,528.1383569179237,550.7141688493554,548.0625201127922,566.6954130775073,3.2776225404883617,3.319729082204203,3.3157129989569425,3.361731133503062,Dynamic_Outlier
COMP_00046,LOT_00,13.552331481890109,13.314809854302895,13.947075945836676,13.958828945629843,522.5745899015976,525.6656407148137,512.2553846002846,527.6974718512004,3.19698334418132,3.2302967364038606,3.275702922454024,3.3390533541170573,Normal
COMP_00047,LOT_00,12.375500087791202,13.082448753816056,12.796089206894631,13.424379710788957,553.2041946353148,518.4212921114832,526.7922087041053,543.8234437712011,3.276136544543512,3.3365376878372404,3.3856973627056144,3.40982289399074,Normal
COMP_00048,LOT_00,12.750698077416606,13.340347172772187,13.18001346903868,13.950055727342225,532.4810262532164,520.1577794212744,516.6530634486176,551.0049472646854,3.285961516388891,3.3012090195194186,3.317682520399994,3.3304931970870646,Normal
COMP_00049,LOT_00,12.68000334256067,12.239953532244886,12.864627844832109,12.79909522879296,527.6585303813443,558.9567096327204,572.8862379063834,594.6019404716601,3.3227594226442454,3.3025164994563667,3.3144180458963115,3.4099145279637035,Normal
COMP_00050,LOT_00,13.63154649188454,13.637788832702553,13.942161971842054,14.406000482579095,543.6872464089548,505.328542963658,531.9606335226138,526.8596873705991,3.323543520607241,3.323967507366778,3.3926251920781136,3.4069041350144404,Normal
COMP_00051,LOT_00,13.890570221770712,14.119791407881328,14.996127410772262,14.0011143809268,544.9897663681526,560.9124025465578,547.8944303563813,571.5375762804487,3.3364228207380866,3.31692769906794,3.387714291607459,3.385891419065981,Normal
COMP_00052,LOT_00,13.452447340020464,13.5188353131983,13.855525782173576,14.459407015790704,522.4776129173547,540.5052681886186,541.6938677042759,553.7110757670755,3.3305155820091064,3.3300134649481805,3.3444904421831554,3.4271585142854266,Normal
COMP_00053,LOT_00,13.851186985984093,13.77461025279035,14.848407161972949,17.34360233252072,554.0988290096471,579.118949476243,624.4855764886711,720.0038658306804,3.272063657202544,3.248580089399739,3.4162291153772144,3.556938344744911,Drift_Anomaly
COMP_00054,LOT_00,12.86545905875774,13.296524030759295,13.429081832548055,13.513219974329704,532.8648691660032,519.3925949342508,533.9836183271542,526.449698240384,3.239813837886451,3.2416010001786697,3.325183547774575,3.327684891336959,Normal
COMP_00055,LOT_00,13.292278184596205,13.29075610707481,13.127279703751178,13.141978164495546,530.6946239194484,499.7541171376885,531.9160592838643,544.8517766529004,3.3121194899545263,3.313738350382388,3.3477783919596704,3.361952517785129,Normal
COMP_00056,LOT_00,12.674123100404069,13.401690326882663,13.43749416689758,13.14506493634532,536.1288516240866,557.7469360696572,551.7406713849421,565.502702715731,3.2526246854272447,8.862333533276773,12.952190133083109,23.628834570407363,Timing_Outlier
COMP_00057,LOT_00,13.0421057697065,85.01660184527614,105.61563506578274,149.7281376249074,502.1648220172266,525.2428808983824,494.8977306907476,529.4840218711767,3.2833429449664977,3.320248770878815,3.346832590354676,3.4032690123654405,Dynamic_Outlier
COMP_00058,LOT_00,14.095340606696231,13.808165411974352,13.80001529146172,14.047199845471294,549.1401079199227,560.7125939743672,546.3792710467202,586.060446425128,3.273601695962345,3.264983666950702,3.263194612668648,3.309732693004702,Normal
COMP_00059,LOT_00,12.93866149587618,12.63510205269767,13.063261593128708,13.18741504349556,547.2504999984122,529.6190851585037,548.1435505807792,546.8775617609153,3.3606997903651665,3.375456985320723,3.450632941397845,3.5283379763038694,Normal
COMP_00060,LOT_00,13.361961607300788,13.41154841163724,13.210139238386226,13.665332801704494,578.4571730466955,583.6928795134343,582.3798061907402,581.9758228318964,3.292503440596572,3.300382481051624,3.3473244956986186,3.3839801667134872,Normal
COMP_00061,LOT_00,13.409033445990891,13.83756607676117,13.18375215273072,13.499789481675574,508.95006497771647,506.0549552792646,537.0188780584313,534.7446749002149,3.2492245656983427,3.2923190475193267,3.2648150010843766,3.324790739129348,Normal
COMP_00062,LOT_00,13.513758557241488,13.718971726823211,13.459408870024795,13.072698629343948,508.5226902078804,511.9654240048262,557.0925794910222,536.2057726825553,3.3447543849334216,3.3276463532980425,3.3806718938466576,3.3915772777165474,Normal
COMP_00063,LOT_00,14.140488981190382,14.354195800960808,15.918651836986044,17.042443172860576,547.3823324004209,586.0899194468475,626.6441693944194,685.922091571534,3.328356154154402,3.381889956003279,3.5230634029938983,3.569149636618853,Drift_Anomaly
COMP_00064,LOT_00,13.024987871979906,12.682744955094826,12.977484332705115,13.15048693189524,519.5767803256302,500.14989916683,535.6121651345371,523.4554885787148,3.362724931318108,3.344109662130221,3.392854003077024,3.378674114059943,Normal
COMP_00065,LOT_00,13.560653375369084,13.539426819962529,14.702165182575255,14.20526271650934,562.2704302404239,1468.0054173875897,4671.416196673774,7890.219583688408,3.2736027647280825,3.3198700199292883,3.321902113290712,3.353154863672782,Leakage_Only_Outlier
COMP_00066,LOT_00,13.744659555512628,13.445885763231052,14.331833455891736,13.939704925060992,538.1127175890343,528.9600172039103,536.1753682219689,523.9174147561619,3.271209449129924,3.284365984201427,3.2461619902484435,3.2489737222433788,Normal
COMP_00067,LOT_00,13.191226781695688,13.25695924906262,13.849935128395504,13.650866034908924,533.4609097427883,505.4686762867095,529.8817521344386,545.2094261591154,3.2838341049464344,3.3471243824650205,3.392891769805732,3.426301775290218,Normal
COMP_00068,LOT_00,12.61630694473286,13.21914734937167,12.953156810826288,13.44127871135545,521.6520350520574,521.3152941178349,553.0147179456155,582.0549553536744,3.2695584608139088,3.295929086260858,3.3034671656400607,3.3301662831851435,Normal
COMP_00069,LOT_00,13.09884564217655,12.782746460515614,13.363155752121845,13.74176055973733,512.5152351137947,532.832193826306,519.5827120589806,528.9477298568327,3.3383647833785264,3.3563881465135035,3.3553700860543656,3.36348804713996,Normal
COMP_00070,LOT_00,12.770927909900848,13.555696772798608,12.780141261333338,13.74797688533065,542.6370593355629,541.9734953827995,523.6237592635224,547.8416415330807,3.330889022598763,3.297364385241883,3.333272751985633,3.383231487792427,Normal
COMP_00071,LOT_00,13.848009659353483,13.317094744941874,13.919203336093195,13.967031348999758,534.8925591534772,501.754003610276,512.2727169759751,520.0130477733098,3.2883075674035696,3.409373479183483,3.420396799526866,3.4375180367480787,Multivariate_Outlier
COMP_00072,LOT_00,9.989317859214475,10.94917024578062,10.357576113857274,10.8545442145575,410.26857457851054,424.7996058441816,419.71060781490127,408.0402032888092,3.349217566031456,3.3333700700037547,3.299179672442395,3.377046772316971,Dynamic_Outlier
COMP_00073,LOT_00,13.918375956634266,65.56934104521162,103.72049997013218,140.1152843039084,575.3138799520325,574.4252147919913,550.6329395791098,572.5205410606416,3.3170550884169856,3.362330970881855,3.303798435605981,3.341275371786168,Dynamic_Outlier
COMP_00074,LOT_00,12.580244674140276,12.419092232261931,12.98141240913742,12.778998034348646,518.506936949888,545.8971853954756,579.0622263066639,563.3148277275723,3.452609202851614,3.4733634499105523,3.5015167550805977,3.5558835723926423,Normal
COMP_00075,LOT_00,12.7479785883548,12.652777345277414,12.862038367869836,12.212131583989777,560.3128372290141,546.0086833664344,557.3505683370091,531.0691162623323,3.3259450284391723,3.333693716760848,3.3227906192157004,3.4195551580863395,Normal
COMP_00076,LOT_00,13.499751500443365,13.189068875804304,13.682377129671517,13.69200647351994,538.2933974428062,545.0341953599078,562.4098199317599,581.7365479859882,3.5578630490111856,3.5627797359443405,3.5748473722198826,3.608775866890976,Timing_Outlier
COMP_00077,LOT_00,12.847055441409337,13.073193508433697,13.013354892883138,13.318520696902413,568.027131478033,2268.1319505992524,4377.440878446327,8856.00935915919,3.352282043953496,3.3271978827189934,3.439185415306582,3.480936981349168,Leakage_Only_Outlier
COMP_00078,LOT_00,13.392150819540491,13.542737209921851,13.955122230044797,14.315169609158088,513.991739870282,511.5515422272544,502.58484685031385,522.6481244283528,3.2662305464575927,10.414710550101532,14.275726673199484,15.98966329517382,Timing_Outlier
COMP_00079,LOT_00,9.729249122390245,10.2358617647169,10.146594996224406,10.116727929142856,388.78749696946966,401.5770633821567,407.55433936406246,419.1767317949635,3.341959238288795,3.360158207173909,3.4025557397416684,3.4709521191729005,Dynamic_Outlier
COMP_00080,LOT_00,13.047619328140568,12.88824970184536,13.40215906323248,13.206202803236565,569.0930809714469,2102.758787349066,4704.13634405339,8354.811372394179,3.3252712145843457,3.308397179429946,3.358741539604784,3.3224114032515364,Leakage_Only_Outlier
COMP_00081,LOT_00,13.31606158599206,13.999163478275152,14.075786513442043,13.63608645629984,530.4760474424703,538.7393230744731,539.448435911696,549.9822876450335,3.32204407802319,3.292926346954785,3.360062879387565,3.4263630704652184,Normal
COMP_00082,LOT_00,13.554112173872328,13.52428734439996,12.740663090684578,13.40618841088924,565.0121641908286,550.273842179955,557.7548919162053,558.2035372721746,3.2681968342553693,9.966320957587676,16.34593037511204,21.844671746298783,Timing_Outlier
COMP_00083,LOT_00,13.264361498275608,12.914577320821476,14.189563690870896,13.767989071595409,540.8332749650019,1857.776690874164,3307.692636880005,7168.119137642188,3.2558300677277683,3.311721183806699,3.392483693046316,3.353969422748861,Leakage_Only_Outlier
COMP_00084,LOT_00,13.068180127486992,14.54294636012756,13.992698838058091,14.181641103341356,529.1171271906956,545.9274850786247,523.6684038224662,568.0317920576626,3.326536756582228,3.3267397267862955,3.4216832156238484,3.405874681925253,Normal
COMP_00085,LOT_00,13.52950607630428,13.926217839395337,14.504539790622877,12.9629777084785,503.0096615404805,511.9192342599003,517.5068282273818,549.7163493653509,3.337235487434072,3.362434560596837,3.4010816356684805,3.3769321326251074,Normal
COMP_00086,LOT_00,13.956197609507358,24.696856892939525,13.949836233044053,14.66789207229782,563.9420989994632,994.580007874491,546.3994238491923,553.4830187136591,3.3258829826657514,4.885727614362193,3.284425426550686,3.296170417652835,Multivariate_Outlier
COMP_00087,LOT_00,13.563316682477952,24.6968861460221,13.627313237073372,12.86850892428011,556.2010124553981,983.1652142940331,564.5621990548946,553.4684190875555,3.3718960598758363,5.474468969167427,3.331767691440405,3.377464926537529,Multivariate_Outlier
COMP_00088,LOT_00,12.778151461887724,13.033512336397475,13.021131596839718,13.43422559536028,489.1870613185343,478.3971387614089,508.7231392608765,511.33149054542906,3.382715743622469,3.4104155639046687,3.431437337208799,3.4103758455800235,Normal
COMP_00089,LOT_00,12.79792115705313,13.34566103950785,13.372459500077518,13.616958645189966,547.9968046504556,553.3483043193098,535.8526984610417,541.5467596245854,3.3627159864623644,3.36068557132248,3.3855022755671262,3.4470183255152245,Normal
COMP_00090,LOT_00,13.709162860711638,14.63625971443728,13.972011592770889,14.264952810909165,557.6175465372743,552.9098731219985,572.2750966571319,559.2537736453561,3.2842243127757222,3.3123976892016103,3.347719339901608,3.368301474700256,Normal
COMP_00091,LOT_00,13.09380532253091,13.700657069557227,13.00211325542564,12.975307896420803,552.1210957491138,538.8926546886084,583.4567949806348,566.1238282171353,3.246595447777351,3.2937304987079217,3.356151051570913,3.4177297534952245,Normal
COMP_00092,LOT_00,13.122791088415797,13.072959493093691,13.458604402378732,13.592915141321232,529.6905607877798,540.4200865576262,560.2716358861786,573.486928210737,3.339652873809792,3.3766430778638377,3.4485804845715675,3.399711062771721,Normal
COMP_00093,LOT_00,13.335555723354169,13.30898184376531,13.662719486358348,13.875780546556054,541.968465839069,550.253433001369,549.8219119021068,581.08532374379,3.386996142447457,3.4253677925438684,3.4807931837658463,3.4901098733363605,Normal
COMP_00094,LOT_00,13.17784880901013,13.189110380104376,13.46576503692182,13.453256343269995,543.8828058598812,561.8538065486166,551.587123119397,557.17008318628,3.300648349407888,3.2879688503121014,3.3336222987025894,3.418108713526778,Normal
COMP_00095,LOT_00,13.810579760865007,14.704081509772788,15.911482145776516,18.05777853733571,525.9058085109566,563.7506114680264,608.7456035234126,707.3969556554891,3.2962813225162564,3.3580551812001462,3.4545031512691624,3.5874421941370422,Drift_Anomaly
COMP_00096,LOT_00,13.116121270602466,13.219814534385751,13.642326764723546,13.868764219962818,527.105134687816,518.5203344247387,514.8449509596863,526.2615715331041,3.3385900370594617,9.275005894450818,12.91389435364438,18.28239435488588,Timing_Outlier
COMP_00097,LOT_00,13.235114739573936,13.197749572956846,13.137435586011865,14.628715728894202,538.8391287257613,2059.818728942647,3608.107535289417,6101.593447453968,3.357841244040612,3.355107889141376,3.412680399267831,3.427617583130208,Leakage_Only_Outlier
COMP_00098,LOT_00,13.507646990583131,13.36503056137892,13.864532452707298,13.451190534386209,546.9872901856661,553.8021521012674,541.8707708485857,544.8530850809518,3.350851494730299,3.380959711740102,3.380949567796023,3.4043492540902145,Normal
COMP_00099,LOT_00,13.30810654681916,13.298097559590424,13.253745981267851,13.583205603710926,575.232472256572,576.1303824910318,560.8157769350086,576.0476947688809,3.3708754551688456,3.327560584394144,3.3630243947146705,3.3679769030473614,Normal
COMP_00100,LOT_00,12.767243097313346,12.978852705919222,12.442640909359676,13.046134751523455,518.7256981321492,531.6099963906664,545.1875843241605,556.0783635530588,3.376036118613853,3.3742524765855566,3.400058731459007,3.391388003401936,Normal
COMP_00101,LOT_00,13.174744337686723,14.390688552517537,14.47682821830722,13.853686248919832,502.3335961055491,508.8389246174236,514.2883684570835,503.6639402310974,3.347302767207203,3.364382869953569,3.3774714253234523,3.429409953038187,Normal
COMP_00102,LOT_00,13.711184572312067,13.852656838554909,14.214708138525229,14.30513755845359,522.4021599105878,538.4409548440683,524.6208815899705,522.5039483379937,3.337242679682939,3.310963331954165,3.3549260200819315,3.3940986644972484,Normal
COMP_00103,LOT_00,13.04319926151341,13.619463997080812,13.37264352312454,13.787846175143462,518.8860678865391,522.9318794673213,523.9317715281168,538.9341675567214,3.2649871296540818,3.2925248803835454,3.2898157558036054,3.3266074924628857,Normal
COMP_00104,LOT_00,14.47527463279903,14.582892709878386,14.59076709935478,14.241021416494844,518.4077373247923,514.7302307034203,530.7741257746311,552.8082467761562,3.2787491256488046,3.3149613074556648,3.3794736083232286,3.459117049861724,Normal
COMP_00105,LOT_00,13.574477438683184,14.071686255824533,14.055350013012683,14.851418922332256,536.5410111621967,561.9341046590549,526.1170033363375,510.5406658242076,3.402233104937949,3.384827756410647,3.4030783226510453,3.4461808036781227,Normal
COMP_00106,LOT_00,13.992594844475365,13.526902629663182,13.627208890840178,13.896666266286916,633.5216669793966,633.1694064255067,624.7758578839305,631.1749041833618,3.334056654196329,3.3751784604232187,3.385854902250304,3.375906979613967,Leakage_Only_Outlier
COMP_00107,LOT_00,12.301732998326102,12.903596516228612,12.995413352862672,13.711192949830338,561.6727814360969,557.3959469701769,595.3917900425976,591.9627116659968,3.276083142340731,3.2835348414666803,3.3211238841689443,3.348540562128504,Normal
COMP_00108,LOT_00,12.900213051579923,14.00144024315697,13.606771974451592,13.86382749853462,542.9717481686022,555.0119469009445,563.8785021599141,537.1792019565876,3.620262558846297,3.646585569832271,3.6911013667563424,3.691400316644979,Timing_Outlier
COMP_00109,LOT_00,12.957632945782557,13.22540598283555,13.0477497699618,13.315890537518484,538.454569320056,534.1293115046958,526.1512912016888,542.5215233052594,3.3114869361182246,3.302862766522308,3.3590885523474987,3.371443727226329,Normal
COMP_00110,LOT_00,13.10107545735198,13.61063597909935,13.834912184773732,14.098047795704291,496.21101864388095,536.5915224772026,517.4789265166305,524.7220009954589,3.283657071513828,3.279217959670245,3.292295581888727,3.37679507217468,Normal
COMP_00111,LOT_00,14.353093853668089,14.595995110710824,13.500177346870498,14.600376711447607,502.8078329268746,501.058026712103,513.0588682456705,499.7741839155996,3.3354979811083094,3.357450570849114,3.3780682905446686,3.401599672156123,Normal
COMP_00112,LOT_00,13.105154885565655,13.002365762880164,13.185271507218758,13.06543814746814,550.0934802957014,563.1230841439769,539.1890797313933,548.6620334543476,3.3187852759563965,3.277426872635757,3.3197481314438453,3.3797357143194446,Normal
COMP_00113,LOT_00,14.223948325261183,13.508074441453743,13.717987049641785,14.272394881152984,553.7119969735751,524.6623690765321,501.3438391765328,515.8645568357019,3.4215303860637256,3.363537090046492,3.405267036546908,3.5240390276190863,Normal
COMP_00114,LOT_00,13.976910258060215,13.82227720229823,14.32587800164766,14.797162928069474,540.9551132482045,544.2442544420528,562.1847435914613,542.9106495475187,3.40183887212956,3.3847314352017963,3.3779880943290053,3.4498307039989813,Normal
COMP_00115,LOT_00,13.13003611077566,13.20912522832094,13.239814676866883,13.709707725501191,530.784306464662,542.0512918918649,540.0483635096017,544.6927834906517,3.361672952222628,3.3925208201707484,3.395728414995068,3.406792666970379,Normal
COMP_00116,LOT_00,12.976101325203109,13.372532906821792,13.287750251562333,12.70917103579866,553.6943660941988,549.3614944527092,566.5271916509143,593.5148723008335,3.30119012935037,8.461825060026312,14.3180150383742,15.98819125362151,Timing_Outlier
COMP_00117,LOT_00,13.059832774568765,89.33403097255737,102.81404234995274,110.08996067170574,510.49905873684565,530.7709887675456,537.7805479785368,553.2324052460446,3.275558664512297,3.3296832714065747,3.3361421947566887,3.3813463219783864,Dynamic_Outlier
COMP_00118,LOT_00,13.799394714042128,13.681877162540426,13.642624145098551,14.174113844133124,566.8049264502515,561.1938316836599,562.8865264151866,586.4139478373404,3.339573664880193,3.354149633245675,3.404718569145764,3.4430850976817258,Normal
COMP_00119,LOT_00,13.365423607964813,68.46523812823055,97.35706399846153,137.2703533875516,591.210812314018,583.9326493964425,582.7024823469862,598.7162945063459,3.399021382520197,3.355004668229444,3.3317690502203963,3.395261764129383,Dynamic_Outlier
COMP_00120,LOT_00,13.943128617325996,14.182052656100453,13.629866346142784,14.47456970981381,558.4667467094727,549.8431223656479,559.7955207180296,551.031939722441,3.2768973065549343,3.2707418654482807,3.3379270487498203,3.3745922267324366,Normal
COMP_00121,LOT_00,12.61275245503018,12.724112516643237,12.738631470622384,12.964570199909588,537.5283455805424,546.8663296729425,576.8684667936138,569.0131177157422,3.2659128018370183,11.39692483993634,13.070802088964165,22.15070265249306,Timing_Outlier
COMP_00122,LOT_00,13.276327644117448,13.495472089777342,13.185111624560587,13.966794570460449,545.7826410857425,520.969555672713,529.4408783179365,555.5805908668189,3.3102388652681407,3.2771228153392986,3.2905715158328754,3.3426081069324898,Normal
COMP_00123,LOT_00,14.1777995577281,24.848084085426464,13.821048582690208,14.255281249479667,524.9650336686019,989.6922152523512,531.3466847500558,556.021098488631,3.3031407201136065,4.654763745288782,3.2935679992750337,3.375336744376697,Multivariate_Outlier
COMP_00124,LOT_00,13.283564026356723,13.592948749815433,13.720542855699266,13.700702228433594,524.8956373050846,1969.6990165545565,3948.869846407353,6018.502765695638,3.224907969723047,3.2789680846931484,3.2540276713481555,3.3061571649525643,Leakage_Only_Outlier
COMP_00125,LOT_00,13.097203399145998,13.544612809159206,12.897845869535477,13.33439517721394,553.3356688659828,515.5694027843521,520.7052439660292,543.7214119683296,3.2629473616794344,3.3399495034331936,3.4024609208445424,3.357323726162253,Multivariate_Outlier
COMP_00126,LOT_00,13.32380440101983,14.25017276706264,13.32556719233885,13.816608262191812,535.6839512091277,547.6572702042885,560.9086784246365,597.4440557833071,3.3044362196695705,3.294289307829031,3.342091836973985,3.349594969514562,Normal
COMP_00127,LOT_00,13.275222387005,69.24116906367013,87.25944849916476,124.2855808180234,523.4988296960496,529.5058639210934,512.1768704761407,561.8311988999146,3.306805774826437,3.246193489980789,3.302081824136065,3.2610340350460576,Dynamic_Outlier
COMP_00128,LOT_00,13.88756310180296,13.683524113807383,13.66055770990508,14.164748323425052,525.0574031242016,519.4287258291058,536.3467523240384,530.1179572474089,3.432826288727211,3.498261106744509,3.4995289104463803,3.551861896159312,Normal
COMP_00129,LOT_00,13.04878785505057,13.607361134301044,14.600942305222343,16.953211975148403,526.5563899844193,525.2018316562545,609.6985299180836,689.0860146613562,3.354500103197235,3.414706357917832,3.495063974325671,3.631368870961564,Drift_Anomaly
COMP_00130,LOT_00,13.880127003413635,12.939335569862148,13.112869521877338,13.238231018710025,513.8231558399599,558.5670317349777,519.3377710009564,523.0122322877094,3.4063358541622124,3.4182694662721143,3.471200864413623,3.513944767788778,Normal
COMP_00131,LOT_00,13.33710522119002,24.1014534305541,13.891845804822518,14.48917387397398,548.2166164465077,559.9486790004404,541.2439660506592,588.2281620425284,3.385768292247873,3.3902019099908505,3.419328025780675,3.463407128655324,Sensor_Glitch
COMP_00132,LOT_00,13.471344916596028,14.080410571067198,13.577714045204637,13.588065611237296,529.5876731485961,553.7563674846656,554.6511019345857,580.6355240960124,3.26796021172606,3.272443362015872,3.373864070485102,3.3845681876262605,Normal
COMP_00133,LOT_00,13.19072623196302,13.10499559080065,13.1182192888765,13.70042640865833,545.3097399072255,560.6322593362269,546.1906608163661,552.2786995482693,3.3267057140196714,3.3162020372552226,3.3541610352868005,3.3654152743428,Normal
COMP_00134,LOT_00,15.52264989516647,16.106680990876807,16.464098512555744,15.366521038070733,621.6681185305046,624.1094250263856,646.5397894598154,678.7895287784445,3.3857109029081927,3.478855100745545,3.5385840893733693,3.4969991855503686,Dynamic_Outlier
COMP_00135,LOT_00,13.795661052567368,13.043596092649294,14.070000847968393,14.61708247489296,565.5438208716469,568.3370148579725,544.8281468613192,563.8594662104847,3.381083834395499,3.4091470301852715,3.441793232918909,3.398002497703116,Normal
COMP_00136,LOT_00,13.032971721588268,12.898947874400022,13.057326383798587,13.570113543393152,536.1495311188243,537.5197501910033,570.3016447509957,559.1840494015487,3.471358240070128,8.553962570933333,12.266093924884856,17.756138314513688,Timing_Outlier
COMP_00137,LOT_00,14.03856227168121,13.754251184697983,14.642031211202475,13.435650903834915,522.2977858631051,533.3951645353236,537.1046834136062,564.9087323627235,3.38582346880434,3.381757047769067,3.4427194187267744,3.492360305657444,Normal
COMP_00138,LOT_00,13.252629113183009,12.74059700507977,13.62535598683024,13.86910639104541,554.1010510020931,529.1229439171524,538.9992729872592,559.2483084406781,3.2588255245615576,3.3057829454332777,3.334883154672064,3.459097418349951,Normal
COMP_00139,LOT_00,12.537018613335524,12.15245986763716,12.565690159823172,13.127072191667072,548.0573678198699,562.1249636823989,552.034971000239,581.682328685306,3.3598247572319324,3.386650779216898,3.4084098327215497,3.375794669540204,Normal
COMP_00140,LOT_00,12.36560516558326,24.7950905525148,12.565129810480729,13.204902424195865,512.7793131040876,994.3712243678297,530.1557159909604,510.2290691717607,3.042996864848404,5.219640727013386,3.0870253573612265,3.103191729568739,Multivariate_Outlier
COMP_00141,LOT_00,13.201397683404274,82.13586443116766,95.45008500056916,138.04826415947056,537.4347443201775,517.5210360260409,525.2543868289185,520.1960051052179,3.316276709135685,3.3358626461774863,3.392105656238303,3.424961924268357,Dynamic_Outlier
COMP_00142,LOT_00,12.953348480400894,13.14290375885649,13.377135040784626,13.357695509946478,532.4518867669698,557.2493567346309,563.6096468546974,578.1334071730236,3.349391403274477,3.30034927493232,3.4033036310379257,3.461308741378561,Normal
COMP_00143,LOT_00,14.037669424421688,14.19558314031791,14.525895004826516,14.020249446749116,527.5612469481665,520.696449139796,536.5773632270792,554.3658759478975,3.310492349108656,3.331085427872146,3.3650278141293217,3.405418433378929,Normal
COMP_00144,LOT_00,13.391944916268269,13.278488322439626,14.947893638758416,16.04692295399657,525.3366167525189,529.0164637979966,552.7627620534104,667.4923530663185,3.403883848120938,3.502624892322223,3.521020363014334,3.6552953691791297,Drift_Anomaly
COMP_00145,LOT_00,13.599874060820664,13.156832268549929,13.460485330159097,13.74610925806497,556.720764304979,543.0017634583799,539.6182952585965,589.4191547047429,3.3073838035012315,3.3045436474789,3.384114742298012,3.479220499650179,Normal
COMP_00146,LOT_00,13.685870504500793,13.064321431170423,13.521556977372152,13.412695135631536,499.514035405548,529.8699830015896,515.36414040023,544.6435023822576,3.2636223681542886,3.281411823481296,3.3365248964858174,3.337520150518114,Normal
COMP_00147,LOT_00,13.379867294573216,13.359251587340577,13.519424990680491,13.64812780010401,518.6284676207032,531.1668650673846,533.0216210281226,548.5308769814636,3.285086997414413,3.3186708711429174,3.3511415137129776,3.431472961114125,Normal
COMP_00148,LOT_00,13.80808172165479,13.96470933760209,13.642022056849218,14.259572944347177,555.9881659707968,561.644365538304,552.8910550107453,547.1864114202366,3.332741593246632,8.699239805638783,12.926124009177055,19.34289640580746,Timing_Outlier
COMP_00149,LOT_00,13.128566586367734,12.797953584978114,13.861147524379266,14.129827226957772,541.815833476879,549.4693419387894,559.5044276577875,537.918885257877,3.308573126138536,3.2935897813371047,3.341589362871016,3.4434149751007816,Normal
COMP_00150,LOT_00,13.305708244601629,13.445778579848044,14.979224183202936,17.521610474418935,557.7763957039132,554.8233734972554,644.6558294819445,713.3076616304178,3.391400140256063,3.4183196857624023,3.523694471381141,3.696804160278176,Drift_Anomaly
COMP_00151,LOT_00,14.042605466349364,14.15707949807024,14.5577110918342,14.433069076813103,544.8280526884088,561.3600398647387,544.1461012245068,548.2747276614331,3.37313931771784,3.361798073239939,3.410062127177304,3.4533032031750768,Normal
COMP_00152,LOT_00,13.49782172511855,13.077821788993692,13.598324443016931,13.184702526053016,496.0872099701628,529.9660477182848,507.50801694789067,487.5632962965892,3.227249886552629,3.2234236702214374,3.264241784429852,3.265725233913062,Normal
COMP_00153,LOT_00,14.35800834234582,13.757920670735476,15.334200794522944,14.04161837478538,522.3546463777374,520.9069274255094,518.6638989480506,547.248526397682,3.2514707152276525,3.2817567142806685,3.2837913504890266,3.314636762179059,Normal
COMP_00154,LOT_00,13.144052884877576,12.736677403795085,12.797557149002104,14.071041815801216,510.89141146462185,519.3628805060229,516.1552590096712,522.3695367384518,3.40660670011888,3.403350191923568,3.402358198922587,3.444933010518659,Normal
COMP_00155,LOT_00,12.984439412350484,12.859999865472188,13.39702528204886,13.304280520835658,533.7623421863136,2456.3908586583325,2505.464333115576,7511.504340187173,3.3173525876125023,3.3460626242779434,3.377506230298562,3.3878825474880108,Leakage_Only_Outlier
COMP_00156,LOT_00,13.563135220814114,13.61206516065387,13.545466184831858,13.928533410314358,442.4690314810842,420.846316051189,444.9171865448258,444.3582699885096,3.270323822926058,3.30968722390639,3.286489758884096,3.3480162966197584,Leakage_Only_Outlier
COMP_00157,LOT_00,13.749744547704651,13.338694942592188,13.740723025051546,14.390969565253029,542.1327164992495,540.5632340985093,552.8156076477114,579.961267710827,3.3967314585803527,3.438071817279927,3.4320864573088063,3.4525259421800074,Normal
COMP_00158,LOT_00,13.920428710646334,13.740672821490165,13.478725887614036,13.35085911701669,516.243019296224,506.4728545001802,506.8951245929186,540.9268133754574,3.1531766390660345,3.2338136763967062,3.288581884985496,3.3229105126685954,Normal
COMP_00159,LOT_00,13.163070757756918,13.98312483569834,14.120425208568635,14.20589498155807,561.5782837832949,554.4976070257705,552.183957546523,544.2420456345835,3.3737150322057,3.372469085389084,3.439953267875306,3.380358616878742,Normal
COMP_00160,LOT_00,12.991193894540654,13.112602186615858,13.600886688422522,12.781452438271296,537.9441871650903,552.9708539430786,571.4138840043606,536.9710298192875,3.3674025635538776,8.477656565436549,14.804877546991548,18.86011498754349,Timing_Outlier
COMP_00161,LOT_00,13.267096274271656,13.37393079037594,13.369617458806134,13.47669618592764,563.6018897213625,558.9842457688801,555.5105882900081,541.9117924865759,3.359493901852711,3.358411486581172,3.448285538590199,3.4433570315357165,Normal
COMP_00162,LOT_00,14.36713844638568,13.346086087104672,13.779858927855022,14.348627790019282,568.2961488336589,565.5871049725607,572.0150779413159,576.2177607983057,3.251300765112256,3.30295265761587,3.316982421290442,3.338190799379772,Normal
COMP_00163,LOT_00,12.844082888468964,82.56650039379934,101.00972694935116,117.91075571568356,524.9102652359866,523.6249155409719,534.7467017392698,540.9882385128196,3.290423757898208,3.2881472272400445,3.3004759550490976,3.338909434850613,Dynamic_Outlier
COMP_00164,LOT_00,12.927298862222797,13.120347510592053,15.197004778252252,17.62200899181725,536.2398820917938,533.9457193355746,601.1788885057263,657.36253685399,3.242148752686525,3.311849764927493,3.466796317337347,3.5795574876091822,Drift_Anomaly
COMP_00165,LOT_00,13.389195230963516,12.879137843599082,13.147998494681572,13.091222036612038,539.4810648326453,558.4239419408907,532.1826383537338,541.330517091337,3.3373083317511747,3.3509028169451183,3.401641991703189,3.4264550984077866,Normal
COMP_00166,LOT_00,12.865533192700005,12.166636737661364,13.222218830131087,13.595584193308374,539.7587885613734,535.0815678771155,529.9584039239544,547.1190894402371,3.249410171690965,3.2467449437429448,3.258519425727894,3.3013494843486417,Normal
COMP_00167,LOT_00,13.225911538751388,13.369370754331086,14.079150493317394,13.541738500927917,544.2889527613772,524.5050435168396,539.9176157272308,521.3721980127722,3.235821271221245,3.3048556213890232,3.2786890108265085,3.379335625923246,Normal
COMP_00168,LOT_00,14.46229840495974,14.476133230193064,14.623310121751606,13.780618023994627,507.2387865242615,512.2769858012974,537.033456515043,534.6784829649268,3.369213219777296,3.371262113447353,3.381497098791778,3.4297608957400945,Normal
COMP_00169,LOT_00,13.381887131366296,24.641826108035115,14.099721933171253,13.74580253089258,531.6668699963643,982.3953947201968,540.6220395991005,524.5357512950808,3.3900885395582696,5.113796691606252,3.404906004034881,3.41221195711348,Multivariate_Outlier
COMP_00170,LOT_00,14.301864396849242,14.363260461197193,14.373281135898033,14.02518625371766,496.30231763832086,526.2764594742179,499.05710495339935,507.5686012917162,3.299390105163555,3.2920106133177955,3.3687060643160875,3.372176062499288,Normal
COMP_00171,LOT_00,12.551763424123315,12.988320961261016,13.947942514734512,12.96908991519873,502.83056728197016,511.7447953003583,521.0536535041158,538.6098277633515,3.3398508278951726,3.364042627917414,3.410505109318254,3.441641484148935,Normal
COMP_00172,LOT_00,12.50402269084805,24.672670506596823,13.50811547494567,13.933890108698671,532.3256980776026,988.0584626638832,556.634414043354,544.5411216966183,3.337708294928232,5.051586646101745,3.390778431795444,3.433946447472465,Multivariate_Outlier
